web-scraper-order,web-scraper-start-url,name,descpription,image-src
"1647243317-301","https://www.arbolesibericos.es/genres","Quercus rubra L.","Roble americano,  Haritz amerikarra (eusk.)","https://firebasestorage.googleapis.com/v0/b/wallace-2b61a.appspot.com/o/images%2Fthumb@350_350_r9m0jg628u?alt=media&token=eb4d44b1-0fcb-45b4-adfe-f9a66b1cfdf3"
"1647243317-278","https://www.arbolesibericos.es/genres","Platycladus orientalis (L.) Franco","Biota,  Árbol de la vida oriental,  Tuya,  Tuya de China,  Tuya de Oriente,  Ekialdeko tuia (eusk.)","https://firebasestorage.googleapis.com/v0/b/wallace-2b61a.appspot.com/o/images%2Fthumb@350_350_kj38o8hsi8.jpg?alt=media&token=993f0437-b656-4599-881f-a67452906188"
"1647243317-281","https://www.arbolesibericos.es/genres","Populus tremula L.","Temblón,  Chopo temblón,  Tiemblo,  Trèmol (cat.),  Alba borda (cat.),  Lertxuna (eusk.),  Faia preta (port.),  Choupo tremedor (port.)","https://firebasestorage.googleapis.com/v0/b/wallace-2b61a.appspot.com/o/images%2Fthumb@350_350_rp0qmcihrv.jpg?alt=media&token=c7c95da4-76c2-4e4d-8cd6-d273335f398d"
"1647243317-275","https://www.arbolesibericos.es/genres","Pistacia lentiscus L.","Lentisco,  Lentisca,  Alentisco,  Lantisco","https://firebasestorage.googleapis.com/v0/b/wallace-2b61a.appspot.com/o/images%2Fthumb@350_350_lyskjbymp6.jpg?alt=media&token=810bbe04-d46c-4b85-bc43-e1458871e4da"
"1647243317-208","https://www.arbolesibericos.es/genres","Acer opalus Mill.","Acirón,  Ácer,  Orón (cat.),  Oró (cat.)","https://firebasestorage.googleapis.com/v0/b/wallace-2b61a.appspot.com/o/images%2Fthumb@350_350_atw8ix0iw0l.jpg?alt=media&token=8ac06cbf-634b-40ad-8bcb-03c71bf8516a"
"1647243317-204","https://www.arbolesibericos.es/genres","Acer campestre L.","Arce,  Moscón,  Auró blanc (cat.),  Oró (cat.),  Astigar arrunta (eusk.),  Bôrdo comum (port.)","https://firebasestorage.googleapis.com/v0/b/wallace-2b61a.appspot.com/o/images%2Fthumb@350_350_espmoq7bky.jpg?alt=media&token=5cd76351-6de8-448f-a907-470356564300"
"1647243317-213","https://www.arbolesibericos.es/genres","Alnus cordata (Liosel.) Duby","Aliso italiano","https://firebasestorage.googleapis.com/v0/b/wallace-2b61a.appspot.com/o/images%2Fthumb@350_350_h79humaqi7b.jpg?alt=media&token=7f3cb9fb-d96c-4fda-a01d-7e397f40f440"
"1647243317-258","https://www.arbolesibericos.es/genres","Melia azedarach L.","Agriaz,  Melia,  Mélia,  Amargoseira (port.)","https://firebasestorage.googleapis.com/v0/b/wallace-2b61a.appspot.com/o/images%2Fthumb@350_350_jk6d1rldy9i.jpg?alt=media&token=0a0893a2-e764-4083-8007-18aa00e83328"
"1647243317-283","https://www.arbolesibericos.es/genres","Prunus avium (L.) L.","Cerezo silvestre,  Cirerer (cat.),  Gereziondoa (eusk.),  Cereixeira (gall.),  Cerejeira brava (port.)","https://firebasestorage.googleapis.com/v0/b/wallace-2b61a.appspot.com/o/images%2Fthumb@350_350_fe2dq2w2yyc.jpg?alt=media&token=12478579-5ee4-4465-8906-eda45df092c8"
"1647243317-302","https://www.arbolesibericos.es/genres","Quercus suber L.","Alcornoque,  Surera (cat.),  Artelatza (eusk.),  Sobreira (gall.),  Corticeira (gall.),  Sobreiro (port.)","https://firebasestorage.googleapis.com/v0/b/wallace-2b61a.appspot.com/o/images%2Fthumb@350_350_rx2hv772vqe.jpg?alt=media&token=e6f18f7e-b5cd-4165-88f7-ca4199db1c4e"
"1647243317-267","https://www.arbolesibericos.es/genres","Pinus canariensis Sweet","Pino canario","https://firebasestorage.googleapis.com/v0/b/wallace-2b61a.appspot.com/o/images%2Fthumb@350_350_irsbf6ik75b.jpg?alt=media&token=5f8164f3-4352-4583-907d-d77df6e26333"
"1647243317-244","https://www.arbolesibericos.es/genres","Fraxinus angustifolia Vahl","Fresno,  Freixe de fulla petita (cat.),  Lizar hostotxikia (eusk.)","https://firebasestorage.googleapis.com/v0/b/wallace-2b61a.appspot.com/o/images%2Fthumb@350_350_vbj9o2oj5dq.jpg?alt=media&token=6c12bb0b-21aa-4698-b256-85d8d91b9fb2"
"1647243317-229","https://www.arbolesibericos.es/genres","Crataegus azarolus L.","Acerolo,  Azarollo,  Atzeroler (cat.),  Azaroleira (port.)","https://firebasestorage.googleapis.com/v0/b/wallace-2b61a.appspot.com/o/images%2Fthumb@350_350_ckuke3ck7c5.jpg?alt=media&token=7e3965e9-58e4-4d48-b6ca-145247985ad0"
"1647243317-263","https://www.arbolesibericos.es/genres","Phillyrea latifolia L.","Labiérnago,  Agracejo,  Aladern (cat.),  Aderno (port.)","https://firebasestorage.googleapis.com/v0/b/wallace-2b61a.appspot.com/o/images%2Fthumb@350_350_2ds02kd5fa.jpg?alt=media&token=7ce4615c-d68d-4789-8052-69e348122b3e"
"1647243317-226","https://www.arbolesibericos.es/genres","Chamaecyparis lawsoniana (A. Murray) Parl.","Sin nombre común en la Península, se la conoce por el culto de ciprés de Lawson o por la castellanización de chamaeciparis o camaeciparis","https://firebasestorage.googleapis.com/v0/b/wallace-2b61a.appspot.com/o/images%2Fthumb@350_350_4l1ot3cjad8?alt=media&token=b8dc2ac5-01a2-49e5-b89c-20032766013c"
"1647243317-253","https://www.arbolesibericos.es/genres","Juniperus thurifera L.","Sabina albar,  Sabina,  Enebro","https://firebasestorage.googleapis.com/v0/b/wallace-2b61a.appspot.com/o/images%2Fthumb@350_350_e249xjfobhu.jpg?alt=media&token=79c3cfc3-9453-4d25-b511-992b78b704d5"
"1647243317-202","https://www.arbolesibericos.es/genres","Abies alba Miller","Abeto,  Pinabeto,  Avet (cat.),  Izal (eusk.)","https://firebasestorage.googleapis.com/v0/b/wallace-2b61a.appspot.com/o/images%2Fthumb@350_350_vi5a039hxb.jpg?alt=media&token=413fec3a-8492-457f-b1cc-ecdf9f534364"
"1647243317-231","https://www.arbolesibericos.es/genres","Crataegus laevigata (Poir.) DC.","Majuelo,  Espino navarro","https://firebasestorage.googleapis.com/v0/b/wallace-2b61a.appspot.com/o/images%2Fthumb@350_350_rensctlmb5.jpg?alt=media&token=51c56833-5d97-4bff-ad7c-d9d8fe413c09"
"1647243317-294","https://www.arbolesibericos.es/genres","Quercus coccifera L.","Coscoja,  Coscoll (cat.),  Garric (cat.),  Abaritza (eusk.),  Carrasco (port.)","https://firebasestorage.googleapis.com/v0/b/wallace-2b61a.appspot.com/o/images%2Fthumb@350_350_w54eflb51p.jpg?alt=media&token=86a965f2-b9e2-4b1f-9b6c-e7755c2f4178"
"1647243317-310","https://www.arbolesibericos.es/genres","Sambucus nigra L.","Saúco","https://firebasestorage.googleapis.com/v0/b/wallace-2b61a.appspot.com/o/images%2Fthumb@350_350_7imbqlyc85?alt=media&token=ee1334f8-593d-432b-89f1-e3b6e2e2542e"
"1647243317-307","https://www.arbolesibericos.es/genres","Salix caprea L.","Sauce,  Sauce capruno,  Gatsaule (cat.)","https://firebasestorage.googleapis.com/v0/b/wallace-2b61a.appspot.com/o/images%2Fthumb@350_350_erttb84cdfd.jpg?alt=media&token=9682a376-d4a5-43fe-8b55-368975fea5ea"
"1647243317-240","https://www.arbolesibericos.es/genres","Eucalyptus globulus Labill.","Eucalipto,  Eucalipto blanco,  Eucalipto azul,  Eucaliptus blau (cat.),  Eukalitua (eusk.)","https://firebasestorage.googleapis.com/v0/b/wallace-2b61a.appspot.com/o/images%2Fthumb@350_350_6hg7kvhfau8.jpg?alt=media&token=abf9ebda-2dec-4a26-8aa2-54cccac6e67d"
"1647243317-271","https://www.arbolesibericos.es/genres","Pinus pinea L.","Pino piñonero,  Pino real,  Pino doméstico,  Pi pinyer (cat.),  Piñeiro manso (gall.),  Pinheiro manso (port.)","https://firebasestorage.googleapis.com/v0/b/wallace-2b61a.appspot.com/o/images%2Fthumb@350_350_rmnmtf3hvd.jpg?alt=media&token=9d68e6ce-0152-4ed9-be62-f35378c662ce"
"1647243317-265","https://www.arbolesibericos.es/genres","Phoenix dactylifera L.","Palmera,  Palma,  Palmera datilera,  Tamareira (port.)","https://firebasestorage.googleapis.com/v0/b/wallace-2b61a.appspot.com/o/images%2Fthumb@350_350_zhpfqsjfdok.jpg?alt=media&token=06d647bd-fd07-4e3b-9745-0535e67537e5"
"1647243317-230","https://www.arbolesibericos.es/genres","Crataegus laciniata Ucria","Espino negro","https://firebasestorage.googleapis.com/v0/b/wallace-2b61a.appspot.com/o/images%2Fthumb@350_350_1tock8ujimah.jpg?alt=media&token=05fbee70-fbe4-409f-96af-ff417cf47ed6"
"1647243317-316","https://www.arbolesibericos.es/genres","Sorbus domestica L.","Serbal común,  Server (cat.),  Sorveira (port.)","https://firebasestorage.googleapis.com/v0/b/wallace-2b61a.appspot.com/o/images%2Fthumb@350_350_4x13l806e67.jpg?alt=media&token=2759f72f-eb6d-4c46-9c97-f569e611a062"
"1647243317-295","https://www.arbolesibericos.es/genres","Quercus faginea Lam.","Quejigo,  Rebollo,  Roble,  Roure de fulla petita (cat.),  Erkametza (eusk.),  Caxigo (gall.),  Carvalho-cerquinho (port.)","https://firebasestorage.googleapis.com/v0/b/wallace-2b61a.appspot.com/o/images%2Fthumb@350_350_ymi82xvnjhi.jpg?alt=media&token=4417cf19-fae9-4740-ad2e-4f02369fe421"
"1647243317-262","https://www.arbolesibericos.es/genres","Phillyrea angustifolia L.","","https://firebasestorage.googleapis.com/v0/b/wallace-2b61a.appspot.com/o/images%2Fthumb@350_350_2py31aavhyr?alt=media&token=bc68894d-e281-478d-866e-117d9ea53868"
"1647243317-325","https://www.arbolesibericos.es/genres","Ulmus glabra Huds.","Olmo de montaña,  Om (cat.),  Zumar (eusk.),  Llamagueiro (gall.)","https://firebasestorage.googleapis.com/v0/b/wallace-2b61a.appspot.com/o/images%2Fthumb@350_350_c1gkstdse9f.jpg?alt=media&token=7f6c1c9e-c506-429d-a443-c8ea2c94cc59"
"1647243317-284","https://www.arbolesibericos.es/genres","Prunus cerasifera var. atropurpurea  H. Jaeger","Cerezo japonés","https://firebasestorage.googleapis.com/v0/b/wallace-2b61a.appspot.com/o/images%2Fthumb@350_350_q1msiuqrj1?alt=media&token=aa40dc0f-de30-4200-90e3-4075fab2e161"
"1647243317-290","https://www.arbolesibericos.es/genres","Prunus padus L.","Cerezo aliso,  Cirer bord (cat.),  Gatzerí (cat.),  Otsagereziondoa (eusk.),  Pau de San Guirgoriño (gall.),  Pado (port.)","https://firebasestorage.googleapis.com/v0/b/wallace-2b61a.appspot.com/o/images%2Fthumb@350_350_m2r6sx2pt2p.jpg?alt=media&token=24753ed8-bfc9-4a3f-afc4-50a9fd4499c0"
"1647243317-222","https://www.arbolesibericos.es/genres","Catalpa bignonioides Walt.","Catalpa","https://firebasestorage.googleapis.com/v0/b/wallace-2b61a.appspot.com/o/images%2Fthumb@350_350_m58fr6z9cq.jpg?alt=media&token=6783cc27-3ff1-499e-8612-a0521523304f"
"1647243317-237","https://www.arbolesibericos.es/genres","Cydonia oblonga Miller","Membrillero,  Codonyer (cat.),  Marmeleiro (gall. y port.)","https://firebasestorage.googleapis.com/v0/b/wallace-2b61a.appspot.com/o/images%2Fthumb@350_350_pttyin3dzvh.jpg?alt=media&token=45dbb30a-4772-48b8-bec9-af75510510df"
"1647243317-323","https://www.arbolesibericos.es/genres","Tilia platyphyllos Scop.","Tilo,  Teja,  Tell (cat.),  Ezki (eusk.)","https://firebasestorage.googleapis.com/v0/b/wallace-2b61a.appspot.com/o/images%2Fthumb@350_350_r1s7xmkwb4j.jpg?alt=media&token=a9023db3-284f-44c4-8675-e4f1d156a6a2"
"1647243317-270","https://www.arbolesibericos.es/genres","Pinus pinaster Aiton","Pino rodeno,  Pino resinero,  Pino negral,  Pino marítimo,  Pinastre (cat.),  Piñeiro bravo (gall.),  Pinheiro bravo (port.)","https://firebasestorage.googleapis.com/v0/b/wallace-2b61a.appspot.com/o/images%2Fthumb@350_350_lf02tg8p1.jpg?alt=media&token=0bf332f2-bcff-4a27-b22d-8266d11a4082"
"1647243317-259","https://www.arbolesibericos.es/genres","Morus alba L.","Morera,  Morera blanca,  Marugatze zuria (eusk.),  Amoreira branca (port.)","https://firebasestorage.googleapis.com/v0/b/wallace-2b61a.appspot.com/o/images%2Fthumb@350_350_y007g58yc2c.jpg?alt=media&token=76f4d7ce-9213-42b5-8de4-a55a67de375a"
"1647243317-234","https://www.arbolesibericos.es/genres","Cupressus lusitanica Mill.","","https://firebasestorage.googleapis.com/v0/b/wallace-2b61a.appspot.com/o/images%2Fthumb@350_350_oppq74sjzjh?alt=media&token=3fb404aa-71d8-4183-a5de-cc249a147754"
"1647243317-224","https://www.arbolesibericos.es/genres","Ceratonia siliqua L.","Algarrobo,  Garrofer (cat.),  Alfarrobeira (port.)","https://firebasestorage.googleapis.com/v0/b/wallace-2b61a.appspot.com/o/images%2Fthumb@350_350_rdr8x32pljp.jpg?alt=media&token=d84a47bd-72b6-4c00-98c8-1dc6d5c13dbe"
"1647243317-273","https://www.arbolesibericos.es/genres","Pinus sylvestris L.","Pino silvestre,  Pino albar,  Pino de Valsaín,  Pi roig (cat.),  Piñeiro bravo (gall.),  Pinheiro silvestre (port.)","https://firebasestorage.googleapis.com/v0/b/wallace-2b61a.appspot.com/o/images%2Fthumb@350_350_6uaxejbxss7.jpg?alt=media&token=be342aeb-ab1d-4546-961c-099fb7e17e10"
"1647243317-306","https://www.arbolesibericos.es/genres","Salix babylonica L.","Sauce llorón,  Desmai (cat.),  Chorón (gall.),  Salgueiro chorão (port.)","https://firebasestorage.googleapis.com/v0/b/wallace-2b61a.appspot.com/o/images%2Fthumb@350_350_04zkhk2tyq1g?alt=media&token=9677e3e3-b133-4b86-9acb-90b17f0d5e7d"
"1647243317-308","https://www.arbolesibericos.es/genres","Salix fragilis L.","Sauce,  Vimetera (cat.)","https://firebasestorage.googleapis.com/v0/b/wallace-2b61a.appspot.com/o/images%2Fthumb@350_350_7wsh0wdtlna.jpg?alt=media&token=3c5d7541-bbfa-4620-9263-411bd16facb8"
"1647243317-251","https://www.arbolesibericos.es/genres","Juniperus oxycedrus L.","Enebro,  Enebro de la miera,  Cada,  Càdec (cat.),  Cedro de Espanha (port.),  Oxicedro (port.)","https://firebasestorage.googleapis.com/v0/b/wallace-2b61a.appspot.com/o/images%2Fthumb@350_350_3ny8jyqq1yv.jpg?alt=media&token=f4b60341-ea83-4575-8670-0805cc438ee5"
"1647243317-236","https://www.arbolesibericos.es/genres","Cupressus sempervirens L.","Ciprés,  Ciprés común,  Xiprer (cat.)","https://firebasestorage.googleapis.com/v0/b/wallace-2b61a.appspot.com/o/images%2Fthumb@350_350_op85jcp76bp.jpg?alt=media&token=517cd146-d1b4-4e8f-a21e-b7a0a8faec7e"
"1647243317-287","https://www.arbolesibericos.es/genres","Prunus insititia L.","Ciruelo silvestre,  Endrino grande,  Prunyoner (cat.),  Lapatxondoa (eusk.),  Cagoiçeiro (port.)","https://firebasestorage.googleapis.com/v0/b/wallace-2b61a.appspot.com/o/images%2Fthumb@350_350_kjkctxtw53.jpg?alt=media&token=664f2c27-5c21-41d4-a930-9778a5ce3c58"
"1647243317-274","https://www.arbolesibericos.es/genres","Pinus uncinata Ramond ex DC.","Pino negro,  Pino de montaña,  Pi negre (cat.)","https://firebasestorage.googleapis.com/v0/b/wallace-2b61a.appspot.com/o/images%2Fthumb@350_350_dt89xcrau5j.jpg?alt=media&token=f1325081-f2de-417b-a848-ff44ad5723a3"
"1647243317-268","https://www.arbolesibericos.es/genres","Pinus halepensis Miller","Pino carrasco,  Pino de Alepo,  Pi blanc (cat.),  Pi bord (cat.)","https://firebasestorage.googleapis.com/v0/b/wallace-2b61a.appspot.com/o/images%2Fthumb@350_350_cnz1o8067xl.jpg?alt=media&token=f8c43d76-a0e8-4a86-900f-bb79d6fdd245"
"1647243317-266","https://www.arbolesibericos.es/genres","Picea abies (L.) Karsten","Pícea,  Abeto de Navidad,  Abeto rojo","https://firebasestorage.googleapis.com/v0/b/wallace-2b61a.appspot.com/o/images%2Fthumb@350_350_g8b9h8e13sm.jpg?alt=media&token=8ff98692-f164-44cc-b689-ef9e28a7d5d4"
"1647243317-319","https://www.arbolesibericos.es/genres","Taxus baccata L.","Tejo,  Tejón,  Teix (cat.),  Hagina (eusk.),  Hagin y posiblemente agin (eusk.),  Teixo (gall.),  Teixeiro (gall.)","https://firebasestorage.googleapis.com/v0/b/wallace-2b61a.appspot.com/o/images%2Fthumb@350_350_ahv8jub7y4.jpg?alt=media&token=d2f69424-ce26-4de0-af4a-304b488d3535"
"1647243317-277","https://www.arbolesibericos.es/genres","Platanus hispanica Miller ex Münchh.","Plátano de sombra,  Plátano de paseo,  Plàtan (cat.),  Plátano (port.)","https://firebasestorage.googleapis.com/v0/b/wallace-2b61a.appspot.com/o/images%2Fthumb@350_350_9v8teta75ej?alt=media&token=850003d1-af56-4026-b903-d30c5e97fbf7"
"1647243317-248","https://www.arbolesibericos.es/genres","Ilex aquifolium L.","Acebo,  Grèvol (cat.),  Gorosti (eusk.),  Acivro (gall.),  Civro (gall.),  Azevinho (port.),  Pica-fôlha (port.)","https://firebasestorage.googleapis.com/v0/b/wallace-2b61a.appspot.com/o/images%2Fthumb@350_350_fy5bomsdwe4.jpg?alt=media&token=927db343-44f4-44ff-8a0c-c853350f9761"
"1647243317-246","https://www.arbolesibericos.es/genres","Fraxinus ornus L.","Fresno,  Fresno de flor,  Orno,  Flex (Alicante)","https://firebasestorage.googleapis.com/v0/b/wallace-2b61a.appspot.com/o/images%2Fthumb@350_350_6iobybba579.jpg?alt=media&token=16bc5708-4fcb-4f8f-b96e-89ff61bdd367"
"1647243317-272","https://www.arbolesibericos.es/genres","Pinus radiata D. Don","Pino de Monterrey,  Pino insigne","https://firebasestorage.googleapis.com/v0/b/wallace-2b61a.appspot.com/o/images%2Fthumb@350_350_7pg79v1hq8c.jpg?alt=media&token=ccd475af-ea65-44a5-97cc-e46f2c2ed61f"
"1647243317-235","https://www.arbolesibericos.es/genres","Cupressus macrocarpa  Hartw.","","https://firebasestorage.googleapis.com/v0/b/wallace-2b61a.appspot.com/o/images%2Fthumb@350_350_ap88k62sfe?alt=media&token=02003449-97cb-4942-9045-0dbb16e29ef5"
"1647243317-321","https://www.arbolesibericos.es/genres","Thuja plicata J. Don ex D. Don","Cedro rojo,  Tuya,  Tuya gigante","https://firebasestorage.googleapis.com/v0/b/wallace-2b61a.appspot.com/o/images%2Fthumb@350_350_i4qw0bsl7x.jpg?alt=media&token=125e1807-2430-4014-abba-1a14dc3b481e"
"1647243317-286","https://www.arbolesibericos.es/genres","Prunus dulcis D.A. Webb","Almendro,  Ametller (cat.),  Almendrondoa (eusk.),  Amendoeira (port.)","https://firebasestorage.googleapis.com/v0/b/wallace-2b61a.appspot.com/o/images%2Fthumb@350_350_4fsvfcbg9tz?alt=media&token=243b2992-17d4-47c0-9499-8024a52d898d"
"1647243317-216","https://www.arbolesibericos.es/genres","Betula pendula Roth","","https://firebasestorage.googleapis.com/v0/b/wallace-2b61a.appspot.com/o/images%2Fthumb@350_350_yzll4ezl1tn.jpg?alt=media&token=01b75176-e30f-4454-883d-4b1c5d1ad536"
"1647243317-304","https://www.arbolesibericos.es/genres","Salix alba L.","Sauce,  Salguera,  Mimbre,  Salze blanc (cat.),  Zume zuria (eusk.),  Salgeiro branco (port.)","https://firebasestorage.googleapis.com/v0/b/wallace-2b61a.appspot.com/o/images%2Fthumb@350_350_bjszx4eui0o.jpg?alt=media&token=06f533cb-67a0-4cf7-8d15-2f9b84d86556"
"1647243317-326","https://www.arbolesibericos.es/genres","Ulmus laevis Pallas","Sin verdaderos nombres comunes","https://firebasestorage.googleapis.com/v0/b/wallace-2b61a.appspot.com/o/images%2Fthumb@350_350_evfbo5bgih.jpg?alt=media&token=5b1ea6be-0f41-4824-b20b-1b329a48e679"
"1647243317-296","https://www.arbolesibericos.es/genres","Quercus ilex L.","Encina,  Carrasca,  Alzina (cat.),  Artea (eusk.),  Enciño (gall.),  Azinheira (port.)","https://firebasestorage.googleapis.com/v0/b/wallace-2b61a.appspot.com/o/images%2Fthumb@350_350_7k2lb17cgak.jpg?alt=media&token=d37a89a3-709b-46a9-b3fb-16bea84df7d3"
"1647243317-212","https://www.arbolesibericos.es/genres","Ailanthus altissima (Mill.) Swingle","Ailanto,  Árbol del cielo,  Ailant (cat.),  Ailantoa (eusk.)","https://firebasestorage.googleapis.com/v0/b/wallace-2b61a.appspot.com/o/images%2Fthumb@350_350_4177sk2npe4.jpg?alt=media&token=5528577f-51d0-4f38-83d8-bc4766be69c4"
"1647243317-252","https://www.arbolesibericos.es/genres","Juniperus phoenicea L.","Sabina,  Sabina mora","https://firebasestorage.googleapis.com/v0/b/wallace-2b61a.appspot.com/o/images%2Fthumb@350_350_9ueb076v44b.jpg?alt=media&token=207f926d-7733-4979-b245-16a960d014e2"
"1647243317-238","https://www.arbolesibericos.es/genres","Elaeagnus angustifolia L.","Árbol del paraíso,  Cinamomo,  Arbre del paradís (cat.)","https://firebasestorage.googleapis.com/v0/b/wallace-2b61a.appspot.com/o/images%2Fthumb@350_350_vsj47nua5em.jpg?alt=media&token=2949f897-e393-4645-a97e-8c673b0ab4e6"
"1647243317-324","https://www.arbolesibericos.es/genres","Tilia tomentosa Moench","Tilo plateado","https://firebasestorage.googleapis.com/v0/b/wallace-2b61a.appspot.com/o/images%2Fthumb@350_350_fnre6lxaq3d.jpg?alt=media&token=b921beb6-a524-47ab-a247-99cecdf8a718"
"1647243317-261","https://www.arbolesibericos.es/genres","Olea europaea L.","Olivo,  Acebuche (ejemplares silvestres),  Ullastre (cat.),  Olibondoa (eusk.),  Oliveira (gall. y port.),  Zambujeiro (port.)","https://firebasestorage.googleapis.com/v0/b/wallace-2b61a.appspot.com/o/images%2Fthumb@350_350_7m3j73l20op.jpg?alt=media&token=b22fbea1-8eae-4047-a941-04c00db21712"
"1647243317-239","https://www.arbolesibericos.es/genres","Eucalyptus camaldulensis Dehnh.","Eucalipto,  Eucalipto rojo,  Eucaliptus roig (cat.)","https://firebasestorage.googleapis.com/v0/b/wallace-2b61a.appspot.com/o/images%2Fthumb@350_350_atpuzwln2mk.jpg?alt=media&token=57241266-18a5-4fca-9b80-33c23cea441d"
"1647243317-219","https://www.arbolesibericos.es/genres","Calocedrus decurrens (Torr.) Florin","Libocedro de California,  Cedro de incienso de California,  Cedro rojo,  También la castellanización del género: calocedro","https://firebasestorage.googleapis.com/v0/b/wallace-2b61a.appspot.com/o/images%2Fthumb@350_350_pi2l25quz7.jpg?alt=media&token=8c55702e-1b61-4fa2-b79b-c2dd9b3981ae"
"1647243317-249","https://www.arbolesibericos.es/genres","Juglans regia L.","Nogal,  Noguera (cat.),  Intxaurrondo (eusk.),  Giltzaurra (eusk.),  Nogueira (gall. y port.)","https://firebasestorage.googleapis.com/v0/b/wallace-2b61a.appspot.com/o/images%2Fthumb@350_350_lb6lp2j3mo.jpg?alt=media&token=40039e35-fe7b-47eb-924f-7dfc401d3fe1"
"1647243317-292","https://www.arbolesibericos.es/genres","Punica granatum L.","Granado,  Magraner (cat.),  Romeira (port.),  Romanzeira (port.)","https://firebasestorage.googleapis.com/v0/b/wallace-2b61a.appspot.com/o/images%2Fthumb@350_350_va2rigk38n.jpg?alt=media&token=0ea89645-38f1-433f-9bfa-88b9178e0f05"
"1647243317-313","https://www.arbolesibericos.es/genres","Sophora japonica L.","Sófora,  Acacia del Japón,  Sòfora (cat.),  Sasiarkazia japoniarra (eusk.),  Acácia do Japâo (port.)","https://firebasestorage.googleapis.com/v0/b/wallace-2b61a.appspot.com/o/images%2Fthumb@350_350_x0s58v4jqq.jpg?alt=media&token=a206e8c7-5e61-46f7-8bd8-a5f817715da4"
"1647243317-320","https://www.arbolesibericos.es/genres","Tetraclinis articulata (Vahl) Masters","Sabina,  Ciprés de Cartagena,  O el nombre árabe de araar","https://firebasestorage.googleapis.com/v0/b/wallace-2b61a.appspot.com/o/images%2Fthumb@350_350_9ngosep5m6t.jpg?alt=media&token=603a4820-02e6-4d79-bb98-c8f9af5b8c09"
"1647243317-209","https://www.arbolesibericos.es/genres","Acer platanoides L.","Acirón,  Arce real,  Erable, blada (cat.),  Astigar zorrotza (eusk.)","https://firebasestorage.googleapis.com/v0/b/wallace-2b61a.appspot.com/o/images%2Fthumb@350_350_yyvdl0h1qqm.jpg?alt=media&token=dd1e59d4-4365-4787-a504-48627981c8a1"
"1647243317-315","https://www.arbolesibericos.es/genres","Sorbus aucuparia L.","Serbal de cazadores,  Moixera de guilla (cat.),  Capudre (gall.),  Escronabois (gall.),  Tramazeira (port.),  Cornogodinho (port.)","https://firebasestorage.googleapis.com/v0/b/wallace-2b61a.appspot.com/o/images%2Fthumb@350_350_a9tzu6xelb.jpg?alt=media&token=586f4feb-513d-411c-9f2e-be21a6c78c1f"
"1647243317-285","https://www.arbolesibericos.es/genres","Prunus domestica L.","Ciruelo silvestre,  Cirolero,  Prunyoner (cat.),  Aranondo (eusk.),  Ameixeira (gall.),  Abrunheiro (port.)","https://firebasestorage.googleapis.com/v0/b/wallace-2b61a.appspot.com/o/images%2Fthumb@350_350_9j1knd1mkl6.jpg?alt=media&token=2931b750-da8e-43d3-bba4-b0621cac10e1"
"1647243317-233","https://www.arbolesibericos.es/genres","Cupressus arizonica E. L. Greene","Ciprés de Arizona,  Arizónica","https://firebasestorage.googleapis.com/v0/b/wallace-2b61a.appspot.com/o/images%2Fthumb@350_350_ojl7crw927.jpg?alt=media&token=53a39064-bc23-44eb-8235-15e97646dd9b"
"1647243317-210","https://www.arbolesibericos.es/genres","Acer pseudoplatanus L.","Arce,  Falso plátano,  Plágano,  Askar (cat.),  Blada (cat.),  Plàtan fals (cat.),  Ostartx (eusk.),  Pradairo (gall.),  Plátano bastardo (port.)","https://firebasestorage.googleapis.com/v0/b/wallace-2b61a.appspot.com/o/images%2Fthumb@350_350_q21ao692x5n.jpg?alt=media&token=3bc4048e-5b41-4334-95a4-87c31c8adeca"
"1647243317-309","https://www.arbolesibericos.es/genres","Salix triandra L.","Sarga,  Sarga negra,  Sauce almendro,  Salze (cat.),  Saule (cat.)","https://firebasestorage.googleapis.com/v0/b/wallace-2b61a.appspot.com/o/images%2Fthumb@350_350_doub6fw4ggh.jpg?alt=media&token=17d3d0e8-f739-4862-9b7c-336122e604b9"
"1647243317-312","https://www.arbolesibericos.es/genres","Sequoiadendron giganteum (Lindl.) Buchh.","Secuoya","https://firebasestorage.googleapis.com/v0/b/wallace-2b61a.appspot.com/o/images%2Fthumb@350_350_ujixbj5mas.jpg?alt=media&token=1dc0b936-7aa8-4f69-b59b-6c0ef521cf18"
"1647243317-225","https://www.arbolesibericos.es/genres","Cercis siliquastrum L.","Árbol del amor,  Árbol de Judea,  Árbol de Judas,  Arbre de l'amor (cat.),  Árvore-da-Judeia (port.)","https://firebasestorage.googleapis.com/v0/b/wallace-2b61a.appspot.com/o/images%2Fthumb@350_350_16uv5hwzrwz.jpg?alt=media&token=4929cc49-c87f-45c0-8910-88c6ad8f4e9a"
"1647243317-322","https://www.arbolesibericos.es/genres","Tilia cordata Mill.","Tilo,  Teja,  Tell (cat.),  Ezki (eusk.)","https://firebasestorage.googleapis.com/v0/b/wallace-2b61a.appspot.com/o/images%2Fthumb@350_350_pu2cych7lt.jpg?alt=media&token=960a4699-9673-44ef-8a68-391e74bd9140"
"1647243317-207","https://www.arbolesibericos.es/genres","Acer negundo L.","Negundo","https://firebasestorage.googleapis.com/v0/b/wallace-2b61a.appspot.com/o/images%2Fthumb@350_350_k6lkvns66rk.jpg?alt=media&token=147422c3-1690-4aaa-a89c-279e55ed173b"
"1647243317-221","https://www.arbolesibericos.es/genres","Castanea sativa Miller","Castaño,  Regoldo,  Castanyer (cat.),  Gaztainondo (eusk.),  Castiñeiro (gall.),  Castanheiro (port.)","https://firebasestorage.googleapis.com/v0/b/wallace-2b61a.appspot.com/o/images%2Fthumb@350_350_zrirfrr31z.jpg?alt=media&token=a4c49ae9-c2c2-4b64-8428-a627ebbfb80e"
"1647243317-242","https://www.arbolesibericos.es/genres","Ficus carica L.","Higuera,  Cabrahigo,  Figuera (cat.),  Pikondoa (eusk.),  Figueira (gall. y port.)","https://firebasestorage.googleapis.com/v0/b/wallace-2b61a.appspot.com/o/images%2Fthumb@350_350_5q3wkhuy1hb.jpg?alt=media&token=330dcace-296a-46d9-af85-0aa8736591d1"
"1647243317-257","https://www.arbolesibericos.es/genres","Malus sylvestris (L.) Mill.","Maillo,  Manzano silvestre,  Pomera borda (cat.),  Sagarmina (eusk.),  Maceira brava (port.)","https://firebasestorage.googleapis.com/v0/b/wallace-2b61a.appspot.com/o/images%2Fthumb@350_350_r1oq2wppyoj.jpg?alt=media&token=f0f85d23-71bb-41e7-8bfe-ba5b8e8d753e"
"1647243317-255","https://www.arbolesibericos.es/genres","Liquidambar styraciflua L.","","https://firebasestorage.googleapis.com/v0/b/wallace-2b61a.appspot.com/o/images%2Fthumb@350_350_mja464zyou?alt=media&token=dee0e593-82ef-4e43-adbd-0cf612a48898"
"1647243317-279","https://www.arbolesibericos.es/genres","Populus alba L.","Álamo,  Álamo blanco,  Chopo,  àlber (cat.),  Xop blanc (cat.),  Zuzuria (eusk.),  Choupo branco (gall. y port.),  Álamo branco (gall. y port.)","https://firebasestorage.googleapis.com/v0/b/wallace-2b61a.appspot.com/o/images%2Fthumb@350_350_ynkcakgv38o.jpg?alt=media&token=7d7dbebe-6d31-4e00-87ef-7ece808fa2ae"
"1647243317-314","https://www.arbolesibericos.es/genres","Sorbus aria (L.) Crantz","Mostajo,  Moixera (cat.),  Hostazuria (euks.)","https://firebasestorage.googleapis.com/v0/b/wallace-2b61a.appspot.com/o/images%2Fthumb@350_350_ubdyg4s1jm.jpg?alt=media&token=024401a1-5d75-4493-8bb7-6c0f5ccbd8c6"
"1647243317-215","https://www.arbolesibericos.es/genres","Arbutus unedo L.","Madroño,  Madroñera,  Arboç (cat.),  Gurbitza (eusk.),  Érbedo (gall.),  Medronheiro (port.)","https://firebasestorage.googleapis.com/v0/b/wallace-2b61a.appspot.com/o/images%2Fthumb@350_350_tsosti409va.jpg?alt=media&token=f9e8453f-82a6-4f6f-b9f3-1c3326be4c45"
"1647243317-256","https://www.arbolesibericos.es/genres","Malus domestica (Borkh.) Borkh.","Manzano,  Manzanera,  Pomera (cat.),  Sagarrondoa (eusk.),  Maceira (gall. y port.)","https://firebasestorage.googleapis.com/v0/b/wallace-2b61a.appspot.com/o/images%2Fthumb@350_350_4ymghqch85k.jpg?alt=media&token=42a24bf2-6916-4a60-a37c-9f07d35f4734"
"1647243317-298","https://www.arbolesibericos.es/genres","Quercus pubescens Willd.","Roble,  Roble pubescente,  Roure martinenc (cat.),  Ametz ilaunduna (eusk.)","https://firebasestorage.googleapis.com/v0/b/wallace-2b61a.appspot.com/o/images%2Fthumb@350_350_klik1bouras.jpg?alt=media&token=bafb49ef-d939-4d2e-a5e3-a7a2973c5d75"
"1647243317-260","https://www.arbolesibericos.es/genres","Morus nigra L.","Moral,  Morera negra,  Marugatze beltza (eusk.),  Amoreira negra (port.)","https://firebasestorage.googleapis.com/v0/b/wallace-2b61a.appspot.com/o/images%2Fthumb@350_350_t6iwvhbxro.jpg?alt=media&token=fe5431fd-bafe-4eec-bfac-b3d5f0ed4b19"
"1647243317-269","https://www.arbolesibericos.es/genres","Pinus nigra Arnold","Pino salgareño,  Pino negral,  Pino laricio,  Pinassa (cat.)","https://firebasestorage.googleapis.com/v0/b/wallace-2b61a.appspot.com/o/images%2Fthumb@350_350_8ny1wnhiygj?alt=media&token=8de05117-501a-4557-84b1-65e4958fc6be"
"1647243317-227","https://www.arbolesibericos.es/genres","Chamaerops humilis L.","Palma enana,  Palmito,  Margalló (cat.),  Astapalma (eusk.),  Palmeira ana (port.)","https://firebasestorage.googleapis.com/v0/b/wallace-2b61a.appspot.com/o/images%2Fthumb@350_350_1l4xd0zprya.jpg?alt=media&token=5780d5ce-1a32-49e5-984a-70c7443b02e7"
"1647243317-223","https://www.arbolesibericos.es/genres","Celtis australis L.","Almez,  Lodón,  Latonero,  Lledoner (cat.),  Almeza (eusk.),  Basaka (eusk.),  Lodoeiro (gall.),  Agreira (port.)","https://firebasestorage.googleapis.com/v0/b/wallace-2b61a.appspot.com/o/images%2Fthumb@350_350_ylbnjlhlbw.jpg?alt=media&token=b366c42d-61b4-4964-a347-43236262fe0b"
"1647243317-264","https://www.arbolesibericos.es/genres","Phoenix canariensis Hort. ex Chabaud","Palmera canaria","https://firebasestorage.googleapis.com/v0/b/wallace-2b61a.appspot.com/o/images%2Fthumb@350_350_plg0a6xpt9h.jpg?alt=media&token=67612734-7f23-4531-b0b6-d910847060d9"
"1647243317-250","https://www.arbolesibericos.es/genres","Juniperus communis L.","Enebro,  Jabino,  Ginebre (cat.),  Cimbro (gall.),  Zimbro comun (port.)","https://firebasestorage.googleapis.com/v0/b/wallace-2b61a.appspot.com/o/images%2Fthumb@350_350_m0ubpsg60kl.jpg?alt=media&token=5e1ae0d6-fc39-44a0-90a5-7bda4c20fa20"
"1647243317-300","https://www.arbolesibericos.es/genres","Quercus robur L.","Roble,  Roble albar,  Carballo,  Roble pedunculado,  Roure pènol (cat.),  Haritz kanduduna (eusk.),  Carvalho comum (port.),  Alvarinho (port.)","https://firebasestorage.googleapis.com/v0/b/wallace-2b61a.appspot.com/o/images%2Fthumb@350_350_0we7tt4bv47c.jpg?alt=media&token=1537ed27-a2ee-4dbe-b7ae-62d139656ee0"
"1647243317-288","https://www.arbolesibericos.es/genres","Prunus lusitanica L.","Loro,  Azarero,  Llorer-cirer silvestre (cat.),  Portugal erramua (eusk.),  Azereiro (port.)","https://firebasestorage.googleapis.com/v0/b/wallace-2b61a.appspot.com/o/images%2Fthumb@350_350_6fsrecw7lx6.jpg?alt=media&token=c81ae946-d417-4823-bac2-ae11180e7854"
"1647243317-218","https://www.arbolesibericos.es/genres","Buxus sempervirens L.","Boj,  Boje,  Boix (cat.),  Ezpela (eusk.),  Buxo (gall. y port.)","https://firebasestorage.googleapis.com/v0/b/wallace-2b61a.appspot.com/o/images%2Fthumb@350_350_u7zuys5m3m.jpg?alt=media&token=0e1d23f7-9e08-486e-a996-fe67af118b1b"
"1647243317-214","https://www.arbolesibericos.es/genres","Alnus glutinosa (L.) Gaertner","Aliso,  Vern (cat.),  Haltza (eusk.),  Ameneiro (gall.),  Amieiro (port.)","https://firebasestorage.googleapis.com/v0/b/wallace-2b61a.appspot.com/o/images%2Fthumb@350_350_kr91ekh8gpo?alt=media&token=92c24005-b51e-4029-a9dc-967f7cb615d5"
"1647243317-282","https://www.arbolesibericos.es/genres","Populus x canadensis Moench","Chopo","https://firebasestorage.googleapis.com/v0/b/wallace-2b61a.appspot.com/o/images%2Fthumb@350_350_mbdt4ha0k5?alt=media&token=6879f161-71bf-46a7-8412-3d7d10dfbf4d"
"1647243317-245","https://www.arbolesibericos.es/genres","Fraxinus excelsior L.","Fresno,  Fresno de montaña,  Freixe de fulla gran (cat.),  Lizarra (eusk.)","https://firebasestorage.googleapis.com/v0/b/wallace-2b61a.appspot.com/o/images%2Fthumb@350_350_da5hdvjre8b.jpg?alt=media&token=f1155369-3157-47e1-8ea1-15d8dfd63f60"
"1647243317-327","https://www.arbolesibericos.es/genres","Ulmus minor Mill.","Olmo,  Olma,  Negrillo,  Om (cat.),  Zumar (eusk.),  Ulmeiro (gall. y port.),  Negrilho (port.)","https://firebasestorage.googleapis.com/v0/b/wallace-2b61a.appspot.com/o/images%2Fthumb@350_350_l4xjdala5p.jpg?alt=media&token=17ecc5b0-ab1a-483d-8635-e4bd36d1fb1f"
"1647243317-205","https://www.arbolesibericos.es/genres","Acer granatense Boiss.","Arce,  Ácer,  Ásar,  Orón (cat.)","https://firebasestorage.googleapis.com/v0/b/wallace-2b61a.appspot.com/o/images%2Fthumb@350_350_wztncqihb7?alt=media&token=d6052cb1-91b3-45c4-8938-b8dabf27896b"
"1647243317-311","https://www.arbolesibericos.es/genres","Sequoia sempervirens Endl.","Secuoya","https://firebasestorage.googleapis.com/v0/b/wallace-2b61a.appspot.com/o/images%2Fthumb@350_350_xgk81u5gx69.jpg?alt=media&token=46434b98-cc88-469c-a348-b2b7780ec81c"
"1647243317-254","https://www.arbolesibericos.es/genres","Laurus nobilis L.","Laurel,  Llorer (cat.),  Ereinotza (eusk.),  Erramua (eusk.),  Loureiro (gall. y port.)","https://firebasestorage.googleapis.com/v0/b/wallace-2b61a.appspot.com/o/images%2Fthumb@350_350_po3qxr99s9?alt=media&token=3f4cfee5-3af8-4e19-b204-5841339b2995"
"1647243317-293","https://www.arbolesibericos.es/genres","Quercus canariensis Willd.","Quejigo,  Roure africà (cat.)","https://firebasestorage.googleapis.com/v0/b/wallace-2b61a.appspot.com/o/images%2Fthumb@350_350_melrrukx8m.jpg?alt=media&token=6835c79c-ed09-49bf-9481-b4c622c17570"
"1647243317-247","https://www.arbolesibericos.es/genres","Gleditsia triacanthos L.","Acacia de tres espinas,  Acàcia de tres espines (cat.),  Arkazia hiruarantza (eusk.),  Espinheiro da Virgínia (port.)","https://firebasestorage.googleapis.com/v0/b/wallace-2b61a.appspot.com/o/images%2Fthumb@350_350_vjt13pxor1e.jpg?alt=media&token=8c83e89e-3362-42b5-8ee3-205552c45fab"
"1647243317-232","https://www.arbolesibericos.es/genres","Crataegus monogyna Jacq.","Espino albar,  Majuelo,  Arto,  Arç blanc (cat.),  Espinalb (cat.),  Elorri zuria (eusk.),  Estripo albar (gall.),  Estripeiro (gall.),  Pirliteiro (port.)","https://firebasestorage.googleapis.com/v0/b/wallace-2b61a.appspot.com/o/images%2Fthumb@350_350_npr4mfa463a?alt=media&token=dc8d4679-899f-4270-a265-421295eccac7"
"1647243317-280","https://www.arbolesibericos.es/genres","Populus nigra L.","Chopo,  Álamo,  Negrillo,  Pobo,  Pollancre (cat.),  Makal beltza (eusk.),  Choupo negro (gall. y port.)","https://firebasestorage.googleapis.com/v0/b/wallace-2b61a.appspot.com/o/images%2Fthumb@350_350_wmtcb8uc1lg?alt=media&token=514a72bb-f71f-4822-b88b-449394c3512c"
"1647243317-276","https://www.arbolesibericos.es/genres","Pistacia terebinthus L.","Cornicabra,  Tornalobo,  Escornacabra","https://firebasestorage.googleapis.com/v0/b/wallace-2b61a.appspot.com/o/images%2Fthumb@350_350_n19syop1ner.jpg?alt=media&token=7794d76c-774e-4469-a432-111efda77e7e"
"1647243317-289","https://www.arbolesibericos.es/genres","Prunus mahaleb L.","Cerezo de Santa Lucía,  Cerecino,  Cirerer de guineu (cat.),  Oilarana (eusk.)","https://firebasestorage.googleapis.com/v0/b/wallace-2b61a.appspot.com/o/images%2Fthumb@350_350_tndcyk5rr1d.jpg?alt=media&token=cfe5247c-ea0e-475f-95c9-2705f48072b3"
"1647243317-241","https://www.arbolesibericos.es/genres","Fagus sylvatica L.","Haya,  Faya,  Faig (cat.),  Pagoa (eusk.),  Faia (gall. y port.)","https://firebasestorage.googleapis.com/v0/b/wallace-2b61a.appspot.com/o/images%2Fthumb@350_350_u6k42dx80ak?alt=media&token=738b4126-d672-44e7-9a49-14e86eec33dd"
"1647243317-305","https://www.arbolesibericos.es/genres","Salix atrocinerea Brot.","Sauce,  Salguera,  Sarga,  Gatell (cat.),  Saraxa (eusk.),  Salgueiro (gall.),  Salgeiro preto (port.)","https://firebasestorage.googleapis.com/v0/b/wallace-2b61a.appspot.com/o/images%2Fthumb@350_350_ssytjj7iuyn?alt=media&token=543d3458-2ba3-437c-bc02-0678667cd521"
"1647243317-243","https://www.arbolesibericos.es/genres","Frangula alnus Mill.","Arraclán","https://firebasestorage.googleapis.com/v0/b/wallace-2b61a.appspot.com/o/images%2Fthumb@350_350_9q3fdtwpkjb.jpg?alt=media&token=897d3a34-e3f2-47d7-8f1f-8ec4c70247ea"
"1647243317-297","https://www.arbolesibericos.es/genres","Quercus petraea (Mattuschka) Liebl.","Roble,  Roble albar,  Roure de fulla gran (cat.),  Haritz (eusk.),  Carba (gall.)","https://firebasestorage.googleapis.com/v0/b/wallace-2b61a.appspot.com/o/images%2Fthumb@350_350_f0foax2k6nq.jpg?alt=media&token=a90d8a47-f440-4fea-8255-731275179d4a"
"1647243317-317","https://www.arbolesibericos.es/genres","Sorbus latifolia (Lam.) Pers.","Mostajo","https://firebasestorage.googleapis.com/v0/b/wallace-2b61a.appspot.com/o/images%2Fthumb@350_350_9khnyfo7ho.jpg?alt=media&token=2d7ae167-005c-4991-a1c5-29d5d6bf905c"
"1647243317-318","https://www.arbolesibericos.es/genres","Sorbus torminalis (L.) Crantz","Mostajo,  Moixera de pastor (cat.)","https://firebasestorage.googleapis.com/v0/b/wallace-2b61a.appspot.com/o/images%2Fthumb@350_350_59n3t0r4rw5.jpg?alt=media&token=eb882bfa-aa37-43df-9b38-17bccfd27caa"
"1647243317-299","https://www.arbolesibericos.es/genres","Quercus pyrenaica Willd.","Melojo,  Rebollo,  Quejigo (Teruel),  Roble tozo,  Roure reboll (cat.),  Ametza (eusk.),  Cerquiño (gall.),  Carvalho-negral (port.)","https://firebasestorage.googleapis.com/v0/b/wallace-2b61a.appspot.com/o/images%2Fthumb@350_350_0trgpmfttp3.jpg?alt=media&token=5b3411bc-ff9b-404b-90eb-dd43d5facddd"
"1647243317-211","https://www.arbolesibericos.es/genres","Aesculus hippocastanum L.","Castaño de indias,  Castaño loco,  Castanyer bord (cat.),  Indigaztainondo errunta (eusk.),  Castanheiro-da-India (port.)","https://firebasestorage.googleapis.com/v0/b/wallace-2b61a.appspot.com/o/images%2Fthumb@350_350_sqgf5yl7ggh.jpg?alt=media&token=a32f5a23-9cb6-43e8-b338-cd4e9dfb6e88"
"1647243317-328","https://www.arbolesibericos.es/genres","Ulmus pumila L.","Olmo de Siberia","https://firebasestorage.googleapis.com/v0/b/wallace-2b61a.appspot.com/o/images%2Fthumb@350_350_pc0tztjx9t.jpg?alt=media&token=be755f77-00cc-48ee-949e-3eca838d496f"
"1647243317-228","https://www.arbolesibericos.es/genres","Corylus avellana  L.","Avellano,  Avellaner (cat.),  Urritza (eusk.),  Abelaneira (gall.),  Aveleira (port.)","https://firebasestorage.googleapis.com/v0/b/wallace-2b61a.appspot.com/o/images%2Fthumb@350_350_j4y4yge54vl.jpg?alt=media&token=6ae4a8cc-b912-470a-a291-c371687f16cd"
"1647243317-303","https://www.arbolesibericos.es/genres","Robinia pseudoacacia L.","Falsa acacia,  Robinia,  Robínia (cat.),  Sasiarkazia (eusk.),  Falsa acácia (port.),  Acácia bastarda (port.)","https://firebasestorage.googleapis.com/v0/b/wallace-2b61a.appspot.com/o/images%2Fthumb@350_350_2suykah9nt2.jpg?alt=media&token=885b1d55-156c-4d0e-baba-4d3f9f2c65a4"
"1647243317-291","https://www.arbolesibericos.es/genres","Pseudotsuga menziesii (Mirbel) Franco","Abeto de Douglas","https://firebasestorage.googleapis.com/v0/b/wallace-2b61a.appspot.com/o/images%2Fthumb@350_350_l4vvid6pvvo.jpg?alt=media&token=9ade5719-3b07-4866-b8f6-99be4653ab24"
"1647243317-206","https://www.arbolesibericos.es/genres","Acer monspessulanum L.","Arce duro,  Durón,  Auró negre (cat.),  Uró (cat.),  Eihar frantsesa (eusk.),  Zêlha (port.)","https://firebasestorage.googleapis.com/v0/b/wallace-2b61a.appspot.com/o/images%2Fthumb@350_350_bpqm122gggg?alt=media&token=d2eef86d-5c97-47d9-86e3-864994d38808"
"1647243317-220","https://www.arbolesibericos.es/genres","Carpinus betulus L.","Carpe,  Xarma (eusk.)","https://firebasestorage.googleapis.com/v0/b/wallace-2b61a.appspot.com/o/images%2Fthumb@350_350_kmetxh4ppq.jpg?alt=media&token=0711f22f-650a-45ed-b48e-1d6e032a93ea"
"1647243317-217","https://www.arbolesibericos.es/genres","Betula pubescens Ehrh.","","https://firebasestorage.googleapis.com/v0/b/wallace-2b61a.appspot.com/o/images%2Fthumb@350_350_0es6zovs8e4t?alt=media&token=e383c7e9-8015-4fde-9894-310a83f5690d"
"1647243317-203","https://www.arbolesibericos.es/genres","Abies pinsapo Boiss.","Pinsapo,  Pinsapo,  Pino pinsapo","https://firebasestorage.googleapis.com/v0/b/wallace-2b61a.appspot.com/o/images%2Fthumb@350_350_axk95w2z92.jpg?alt=media&token=73dcaf37-6bf1-4413-ad2f-25afcbf74047"
